model_name,feature_set,n_heads,pr_auc,precision@5,precision@10,precision@15,precision@20,precision@25,precision@30
bitenet,dxtx,4,0.3429286803619759,0.345,0.21450952380952382,0.1732292929292929,0.16225645724531174,0.15937922906286617,0.15872530029261556
bitenet,dx,4,0.39205686956079805,0.35117777777777776,0.2213582010582011,0.17835844525844527,0.16686883397533553,0.16393707163139928,0.1632795960631191
bitenet,dxtx,8,0.36608058789758036,0.3498666666666667,0.2196708994708995,0.17709170089170093,0.1658760088839036,0.16310195906898425,0.16251018066433226
bitenet,dx,8,0.40034414637651916,0.35317777777777776,0.22530846560846562,0.18208571058571055,0.17035712441439996,0.1672820456767125,0.16658693613746506
bitenet,dxtx,16,0.35636262463367663,0.37328888888888895,0.23511904761904762,0.19001699411699413,0.17785962684259898,0.17472945180025004,0.17402647807750618
bitenet,dx,16,0.3688048462011941,0.3259333333333333,0.2050936507936508,0.16499275169275168,0.1540142285876032,0.1511688618770191,0.15052664611066538
bitenet,dxtx,32,0.3719787288030981,0.34037777777777783,0.22922380952380952,0.1833158508158508,0.17099081354948228,0.16764723239633592,0.1668543821303822
bitenet,dx,32,0.3542355629456182,0.30591111111111113,0.18735185185185188,0.15201223591223592,0.1423140648309379,0.1397254946571503,0.13912958374813597
