model_name,feature_set,n_layers,pr_auc,precision@5,precision@10,precision@15,precision@20,precision@25,precision@30
bitenet,dxtx,0,0.3254475074873208,0.3617777777777778,0.22336349206349207,0.17909578199578202,0.16801824501607784,0.16550128159302746,0.16503310930554482
bitenet,dx,0,0.28872064743102194,0.37028888888888895,0.23104867724867725,0.1863190513190513,0.17547242249208192,0.17309489065194142,0.1726897523419755
